id;name;email;password;nama_lengkap
1;admin;admin@mail.com;asdf1234;ADMINISTRATOR
2;arsip;arsip@mail.com;arsip_pd_02;DINAS KEARSIPAN DAN PERPUSTAKAAN
3;bappeda;bappeda@mail.com;bappeda_pd_03;BADAN PERENCANAAN PEMBANGUNAN DAERAH
4;bpdb;bpdb@mail.com;bpbd_pd_04;BADAN PENANGGULANGAN BENCANA DAERAH
5;bpkad;bpkad@mail.com;bpkad_pd_05;BADAN PENGELOLAAN KEUANGAN DAN ASET DAERAH
6;damkar;damkar@mail.com;damkar_pd_06;DINAS PEMADAM KEBAKARAN
7;dinaspu;dinaspu@mail.com;pu_pd_07;DINAS PEKERJAAN UMUM
8;dinkes;dinkes@mail.com;dinkes_pd_08;DINAS KESEHATAN
9;dinsos;dinsos@mail.com;dinsos_pd_09;DINAS SOSIAL
10;disbudpora;disbudpora@mail.com;disbudpora_pd_10;DINAS KEBUDAYAAN KEPEMUDAAN DAN OLAH RAGA
11;disdik;disdik@mail.com;disdik_pd_11;DINAS PENDIDIKAN
12;disdukcapil;disdukcapil@mail.com;disdukcapil_pd_12;DINAS KEPENDUDUKAN DAN PENCATATAN SIPIL
13;dishub;dishub@mail.com;dishub_pd_13;DINAS PERHUBUNGAN
14;dislutkan;dislutkan@mail.com;dislutkan_pd_14;DINAS KELAUTAN DAN PERIKANAN
15;disnakertrans;disnakertrans@mail.com;disnakertrans_pd_15;DINAS TENAGA KERJA DAN TRANSMIGRASI
16;disperkapsih;disperkapsih@mail.com;disperkimsih_pd_16;DINAS PERUMAHAN RAKYAT KAWASAN PERMUKIMAN DAN KEBERSIHAN
17;dispertaru;dispertaru@mail.com;dispertaru_pd_17;DINAS PERTANAHAN DAN TATA RUANG
18;dpesdm;dpesdm@mail.com;dpesdm_pd_18;DINAS PERINDUSTRIAN DAN ENERGI SUMBER DAYA MINERAL
19;dpkukm;dpkukm@mail.com;dpukm_pd_19;DINAS PERDAGANGAN KOPERASI USAHA KECIL DAN MENENGAH
20;dppkb;dppkb@mail.com;dppkb_pd_20;DINAS PENGENDALIAN PENDUDUK DAN KELUARGA BERENCANA
21;dpppa;dpppa@mail.com;dpppa_pd_21;DINAS PEMBERDAYAAN PEREMPUAN DAN PERLINDUNGAN ANAK
22;inspektorat;inspektorat@mail.com;inspektorat_pd_22;INSPEKTORAT
23;kepegawaian;kepegawaian@mail.com;bkpsdm_pd_23;BADAN KEPEGAWAIAN DAN PENGEMBANGAN SUMBER DAYA MANUSIA
24;kesbangpol;kesbangpol@mail.com;kesbangpol_pd_24;KANTOR KESATUAN BANGSA DAN POLITIK
25;kominfo;kominfo@mail.com;kominfo_pd_25;DINAS KOMUNIKASI INFORMATIKA DAN PERSANDIAN
26;korpri;korpri@mail.com;korpri_pd_26;SEKRETARIAT DPK KORPRI
27;lingkunganhidup;lingkunganhidup@mail.com;lh_pd_27;DINAS LINGKUNGAN HIDUP
28;masyarakatdesa;masyarakatdesa@mail.com;dpmd_pd_28;DINAS PEMBERDAYAAN MASYARAKAT DAN DESA
29;pangan;pangan@mail.com;ketapang_pd_29;DINAS KETAHANAN PANGAN DAN PENYULUHAN
30;pariwisata;pariwisata@mail.com;dispar_pd_30;DINAS PARIWISATA
31;pendapatan;pendapatan@mail.com;bapenda_pd_31;BADAN PENDAPATAN DAERAH
32;perizinan;perizinan@mail.com;izin_pd_32;DINAS PENANAMAN MODAL DAN PERIZINAN TERPADU SATU PINTU
33;pertanian;pertanian@mail.com;distan_pd_33;DINAS PERTANIAN
34;peternakan;peternakan@mail.com;disnak_pd_34;DINAS PETERNAKAN
35;polpp;polpp@mail.com;polpp_pd_35;SATUAN POLISI PAMONG PRAJA
36;rspalabuhan;rspalabuhan@mail.com;rsplara_pd_36;RSUD PALABUHANRATU
37;sekarwangi;sekarwangi@mail.com;rssekar_pd_37;RSUD SEKARWANGI
38;sekredprd;sekredprd@mail.com;sekredprd_pd_38;SEKRETARIAT DPRD
39;setda;setda@mail.com;setda_pd_39;SEKRETARIAT DAERAH
40;ciambar;ciambar@mail.com;ciambar_pd_40;CIAMBAR
41;cisaat;cisaat@mail.com;cisaat_pd_41;CISAAT
42;nagrak;nagrak@mail.com;nagrak_pd_42;NAGRAK
43;cidahu;cidahu@mail.com;cidahu_pd_43;CIDAHU
44;parungkuda;parungkuda@mail.com;parungkuda_pd_44;PARUNGKUDA
45;kalibunder;kalibunder@mail.com;kalibunder_pd_45;KALIBUNDER
46;tegalbuleud;tegalbuleud@mail.com;tegalbuleud_pd_46;TEGALBULEUD
47;cicurug;cicurug@mail.com;cicurug_pd_47;CICURUG
48;cidadap;cidadap@mail.com;cidadap_pd_48;CIDADAP
49;jampangtengah;jampangtengah@mail.com;jampangtengah_pd_49;JAMPANGTENGAH
50;bantargadung;bantargadung@mail.com;bantargadung_pd_50;BANTARGADUNG
51;warungkiara;warungkiara@mail.com;warungkiara_pd_51;WARUNGKIARA
52;pabuaran;pabuaran@mail.com;pabuaran_pd_52;PABUARAN
53;cibitung;cibitung@mail.com;cibitung_pd_53;CIBITUNG
54;cibadak;cibadak@mail.com;cibadak_pd_54;CIBADAK
55;cireunghas;cireunghas@mail.com;cireunghas_pd_55;CIREUNGHAS
56;bojonggenteng;bojonggenteng@mail.com;bojonggenteng_pd_56;BOJONGGENTENG
57;cikembar;cikembar@mail.com;cikembar_pd_57;CIKEMBAR
58;jampangkulon;jampangkulon@mail.com;jampangkulon_pd_58;JAMPANGKULON
59;curugkembar;curugkembar@mail.com;curugkembar_pd_59;CURUGKEMBAR
60;parakansalak;parakansalak@mail.com;parakansalak_pd_60;PARAKANSALAK
61;nyalindung;nyalindung@mail.com;nyalindung_pd_61;NYALINDUNG
62;kebonpedes;kebonpedes@mail.com;kebonpedes_pd_62;KEBONPEDES
63;cimanggu;cimanggu@mail.com;cimanggu_pd_63;CIMANGGU
64;cikidang;cikidang@mail.com;cikidang_pd_64;CIKIDANG
65;surade;surade@mail.com;surade_pd_65;SURADE
66;palabuhanratu;palabuhanratu@mail.com;palabuhanratu_pd_66;PALABUHANRATU
67;geger bitung;geger bitung@mail.com;geger bitung_pd_67;GEGER BITUNG
68;cisolok;cisolok@mail.com;cisolok_pd_68;CISOLOK
69;caringin;caringin@mail.com;caringin_pd_69;CARINGIN
70;waluran;waluran@mail.com;waluran_pd_70;WALURAN
71;kabandungan;kabandungan@mail.com;kabandungan_pd_71;KABANDUNGAN
72;sagaranten;sagaranten@mail.com;sagaranten_pd_72;SAGARANTEN
73;ciemas;ciemas@mail.com;ciemas_pd_73;CIEMAS
74;gunungguruh;gunungguruh@mail.com;gunungguruh_pd_74;GUNUNGGURUH
75;simpenan;simpenan@mail.com;simpenan_pd_75;SIMPENAN
76;cicantayan;cicantayan@mail.com;cicantayan_pd_76;CICANTAYAN
77;purabaya;purabaya@mail.com;purabaya_pd_77;PURABAYA
78;cidolog;cidolog@mail.com;cidolog_pd_78;CIDOLOG
79;kadudampit;kadudampit@mail.com;kadudampit_pd_79;KADUDAMPIT
80;cikakak;cikakak@mail.com;cikakak_pd_80;CIKAKAK
81;ciracap;ciracap@mail.com;ciracap_pd_81;CIRACAP
82;lengkong;lengkong@mail.com;lengkong_pd_82;LENGKONG
83;sukalarang;sukalarang@mail.com;sukalarang_pd_83;SUKALARANG
84;sukaraja;sukaraja@mail.com;sukaraja_pd_84;SUKARAJA
85;kalapanunggal;kalapanunggal@mail.com;kalapanunggal_pd_85;KALAPANUNGGAL
86;sukabumi;sukabumi@mail.com;sukabumi_pd_86;SUKABUMI
88;bidangpe;bidangpe@mail.com;bidangpe_89;BIDANG PENELITIAN DAN EVALUASI
89;bidangpmm;bidangpmm@mail.com;bidangpm_90;BIDANG PEMBANGUNAN MANUSIA DAN MASYARAKAT
90;bidangesda;bidangesda@mail.com;bidangesda_91;BIDANG EKONOMI DAN SUMBER DAYA ALAM
91;bidangipw;bidangipw@mail.com;bidangipw_92;BIDANG INFRASTRUKTUR DAN PENGEMBANGAN WILAYAH
92;ambarjaya-ciambar;ambarjaya-ciambar@mail.com;ambarjaya_93;AMBARJAYA
93;babakan-cisaat;babakan-cisaat@mail.com;babakan_94;BABAKAN
94;babakanpanjang-nagrak;babakanpanjang-nagrak@mail.com;babakan panjang_95;BABAKANPANJANG
95;babakanpari-cidahu;babakanpari-cidahu@mail.com;babakan pari_96;BABAKANPARI
96;babakanjaya-parungkuda;babakanjaya-parungkuda@mail.com;babakanjaya_97;BABAKANJAYA
97;balekambang-kalibunder;balekambang-kalibunder@mail.com;balekambang_98;BALEKAMBANG
98;balekambang-nagrak;balekambang-nagrak@mail.com;balekambang_99;BALEKAMBANG
99;bangbayang-tegalbuleud;bangbayang-tegalbuleud@mail.com;bangbayang_100;BANGBAYANG
100;bangbayang-cicurug;bangbayang-cicurug@mail.com;bangbayang_101;BANGBAYANG
101;banjarsari-cidadap;banjarsari-cidadap@mail.com;banjarsari_102;BANJARSARI
102;bantaragung-jampangtengah;bantaragung-jampangtengah@mail.com;bantar agung_103;BANTARAGUNG
103;bantargadung-bantargadung;bantargadung-bantargadung@mail.com;bantargadung_104;BANTARGADUNG
104;bantargebang-bantargadung;bantargebang-bantargadung@mail.com;bantargebang_105;BANTARGEBANG
105;bantarkalong-warungkiara;bantarkalong-warungkiara@mail.com;bantarkalong_106;BANTARKALONG
106;bantarpanjang-jampangtengah;bantarpanjang-jampangtengah@mail.com;bantarpanjang_107;BANTARPANJANG
107;bantarsari-pabuaran;bantarsari-pabuaran@mail.com;bantarsari_108;BANTARSARI
108;banyumurni-cibitung;banyumurni-cibitung@mail.com;banyumurni_109;BANYUMURNI
109;banyuwangi-cibitung;banyuwangi-cibitung@mail.com;banyuwangi_110;BANYUWANGI
110;batununggal-cibadak;batununggal-cibadak@mail.com;batununggal_111;BATUNUNGGAL
111;bencoy-cireunghas;bencoy-cireunghas@mail.com;bencoy_112;BENCOY
112;benda-cicurug;benda-cicurug@mail.com;benda_113;BENDA
113;berekah-bojonggenteng;berekah-bojonggenteng@mail.com;berekah_114;BEREKAH
114;bojong-kalibunder;bojong-kalibunder@mail.com;bojong_115;BOJONG
115;bojong-cikembar;bojong-cikembar@mail.com;bojong_116;BOJONG
116;bojonggaling-bojonggenteng;bojonggaling-bojonggenteng@mail.com;bojonggaling_117;BOJONGGALING
117;bojonggenteng-jampangkulon;bojonggenteng-jampangkulon@mail.com;bojonggenteng_118;BOJONGGENTENG
118;bojonggenteng-bojonggenteng;bojonggenteng-bojonggenteng@mail.com;bojonggenteng_119;BOJONG GENTENG
119;bojongjengkol-jampangtengah;bojongjengkol-jampangtengah@mail.com;bojongjengkol_120;BOJONG JENGKOL
120;bojongkokosan-parungkuda;bojongkokosan-parungkuda@mail.com;bojongkokosan_121;BOJONG KOKOSAN
121;bojongtugu-curugkembar;bojongtugu-curugkembar@mail.com;bojongtugu_122;BOJONG TUGU
122;bojongasih-parakansalak;bojongasih-parakansalak@mail.com;bojongasih_123;BOJONGASIH
123;bojonggaling-bantargadung;bojonggaling-bantargadung@mail.com;bojonggaling_124;BOJONGGALING
124;bojongkalong-nyalindung;bojongkalong-nyalindung@mail.com;bojongkalong_125;BOJONGKALONG
125;bojongkembar-cikembar;bojongkembar-cikembar@mail.com;bojongkembar_126;BOJONGKEMBAR
126;bojongkerta-warungkiara;bojongkerta-warungkiara@mail.com;bojongkerta_127;BOJONGKERTA
127;bojonglongok-parakansalak;bojonglongok-parakansalak@mail.com;bojonglongok_128;BOJONGLONGOK
128;bojongraharja-cikembar;bojongraharja-cikembar@mail.com;bojongraharja_129;BOJONGRAHARJA
129;bojongsari-jampangkulon;bojongsari-jampangkulon@mail.com;bojongsari_130;BOJONGSARI
130;bojongsari-nyalindung;bojongsari-nyalindung@mail.com;bojongsari_131;BOJONGSARI
131;bojongsawah-kebonpedes;bojongsawah-kebonpedes@mail.com;bojongsawah_132;BOJONGSAWAH
132;bojongtipar-jampangtengah;bojongtipar-jampangtengah@mail.com;bojongtipar_133;BOJONGTIPAR
133;boregahindah-cimanggu;boregahindah-cimanggu@mail.com;boregahindah_134;BOREGAH INDAH
134;boyongsari-bantargadung;boyongsari-bantargadung@mail.com;boyongsari_135;BOYONGSARI
135;buanajaya-bantargadung;buanajaya-bantargadung@mail.com;buanajaya_136;BUANAJAYA
136;bumisari-cikidang;bumisari-cikidang@mail.com;bumisari_137;BUMISARI
137;buniasih-tegalbuleud;buniasih-tegalbuleud@mail.com;buniasih_138;BUNIASIH
138;buniwangi-surade;buniwangi-surade@mail.com;buniwangi_139;BUNIWANGI
139;buniwangi-palabuhanratu;buniwangi-palabuhanratu@mail.com;buniwangi_140;BUNIWANGI
140;buniwangi-gegerbitung;buniwangi-gegerbitung@mail.com;buniwangi_141;BUNIWANGI
141;calingcing-tegalbuleud;calingcing-tegalbuleud@mail.com;calingcing_142;CALINGCING
142;caringin-gegerbitung;caringin-gegerbitung@mail.com;caringin_143;CARINGIN
143;caringin-cicurug;caringin-cicurug@mail.com;caringin_144;CARINGIN
144;caringin-cisolok;caringin-cisolok@mail.com;caringin_145;CARINGIN
145;caringinkulon-caringin;caringinkulon-caringin@mail.com;caringinkulon_146;CARINGIN KULON
146;caringinnunggal-waluran;caringinnunggal-waluran@mail.com;caringinnunggal_147;CARINGIN NUNGGAL
147;caringinwetan-caringin;caringinwetan-caringin@mail.com;caringinwetan_148;CARINGIN WETAN
148;ciambar-ciambar;ciambar-ciambar@mail.com;ciambar_149;CIAMBAR
149;cianaga-kabandungan;cianaga-kabandungan@mail.com;cianaga_150;CIANAGA
150;cibadak-pabuaran;cibadak-pabuaran@mail.com;cibadak_151;CIBADAK
151;cibadak-cibadak;cibadak-cibadak@mail.com;cibadak_152;CIBADAK
152;cibaregbeg-sagaranten;cibaregbeg-sagaranten@mail.com;cibaregbeg_153;CIBAREGBEG
153;cibatu-cikembar;cibatu-cikembar@mail.com;cibatu_154;CIBATU
154;cibatu-cisaat;cibatu-cisaat@mail.com;cibatu_155;CIBATU
155;cibenda-ciemas;cibenda-ciemas@mail.com;cibenda_156;CIBENDA
156;cibentang-gunungguruh;cibentang-gunungguruh@mail.com;cibentang_157;CIBENTANG
157;cibitung-cibitung;cibitung-cibitung@mail.com;cibitung_158;CIBITUNG
158;cibitung-sagaranten;cibitung-sagaranten@mail.com;cibitung_159;CIBITUNG
159;cibodas-cibitung;cibodas-cibitung@mail.com;cibodas_160;CIBODAS
160;cibodas-palabuhanratu;cibodas-palabuhanratu@mail.com;cibodas_161;CIBODAS
161;cibodas-bojonggenteng;cibodas-bojonggenteng@mail.com;cibodas_162;CIBODAS
162;cibolang-gunungguruh;cibolang-gunungguruh@mail.com;cibolang_163;CIBOLANG
163;cibolangkaler-cisaat;cibolangkaler-cisaat@mail.com;cibolangkaler_164;CIBOLANG KALER
164;cibunarjaya-ciambar;cibunarjaya-ciambar@mail.com;cibunarjaya_165;CIBUNARJAYA
165;cibuntu-simpenan;cibuntu-simpenan@mail.com;cibuntu_166;CIBUNTU
166;cicadas-cisolok;cicadas-cisolok@mail.com;cicadas_167;CICADAS
167;cicantayan-cicantayan;cicantayan-cicantayan@mail.com;cicantayan_168;CICANTAYAN
168;cicareuh-cikidang;cicareuh-cikidang@mail.com;cicareuh_169;CICAREUH
169;cicukang-purabaya;cicukang-purabaya@mail.com;cicukang_170;CICUKANG
170;cicurug-cicurug;cicurug-cicurug@mail.com;cicurug_171;CICURUG
171;cidadap-cidadap;cidadap-cidadap@mail.com;cidadap_172;CIDADAP
172;cidadap-simpenan;cidadap-simpenan@mail.com;cidadap_173;CIDADAP
173;cidahu-cibitung;cidahu-cibitung@mail.com;cidahu_174;CIDAHU
174;cidahu-cidahu;cidahu-cidahu@mail.com;cidahu_175;CIDAHU
175;cidolog-cidolog;cidolog-cidolog@mail.com;cidolog_176;CIDOLOG
176;ciemas-ciemas;ciemas-ciemas@mail.com;ciemas_177;CIEMAS
177;ciengang-gegerbitung;ciengang-gegerbitung@mail.com;ciengang_178;CIENGANG
178;cihamerang-kabandungan;cihamerang-kabandungan@mail.com;cihamerang_179;CIHAMERANG
179;cihanyawar-nagrak;cihanyawar-nagrak@mail.com;cihanyawar_180;CIHANYAWAR
180;cihaur-simpenan;cihaur-simpenan@mail.com;cihaur_181;CIHAUR
181;ciheulangtonggoh-cibadak;ciheulangtonggoh-cibadak@mail.com;ciheulangtonggoh_182;CIHEULANG TONGGOH
182;cijalingan-cicantayan;cijalingan-cicantayan@mail.com;cijalingan_183;CIJALINGAN
183;cijambe-cikidang;cijambe-cikidang@mail.com;cijambe_184;CIJAMBE
184;cijangkar-nyalindung;cijangkar-nyalindung@mail.com;cijangkar_185;CIJANGKAR
185;cijengkol-caringin;cijengkol-caringin@mail.com;cijengkol_186;CIJENGKOL
186;cijulang-jampangtengah;cijulang-jampangtengah@mail.com;cijulang_187;CIJULANG
187;cijurey-gegerbitung;cijurey-gegerbitung@mail.com;cijurey_188;CIJUREY
188;cikadu-palabuhanratu;cikadu-palabuhanratu@mail.com;cikadu_189;CIKADU
189;cikahuripan-kadudampit;cikahuripan-kadudampit@mail.com;cikahuripan_190;CIKAHURIPAN
190;cikahuripan-cisolok;cikahuripan-cisolok@mail.com;cikahuripan_191;CIKAHURIPAN
191;cikakak-cikakak;cikakak-cikakak@mail.com;cikakak_192;CIKAKAK
192;cikangkung-ciracap;cikangkung-ciracap@mail.com;cikangkung_193;CIKANGKUNG
193;cikaraethoyibah-cikidang;cikaraethoyibah-cikidang@mail.com;cikaraethoyibah_194;CIKARAE THOYIBAH
194;cikarang-jampangkulon;cikarang-jampangkulon@mail.com;cikarang_195;CIKARANG
195;cikarang-cidolog;cikarang-cidolog@mail.com;cikarang_196;CIKARANG
196;cikaranggeusan-jampangkulon;cikaranggeusan-jampangkulon@mail.com;cikaranggeusan_197;CIKARANGGEUSAN
197;cikaret-kebonpedes;cikaret-kebonpedes@mail.com;cikaret_198;CIKARET
198;cikelat-cisolok;cikelat-cisolok@mail.com;cikelat_199;CIKELAT
199;cikembang-caringin;cikembang-caringin@mail.com;cikembang_200;CIKEMBANG
200;cikembar-cikembar;cikembar-cikembar@mail.com;cikembar_201;CIKEMBAR
201;cikidang-cikidang;cikidang-cikidang@mail.com;cikidang_202;CIKIDANG
202;cikiray-cikidang;cikiray-cikidang@mail.com;cikiray_203;CIKIRAY
203;cikujang-gunungguruh;cikujang-gunungguruh@mail.com;cikujang_204;CIKUJANG
204;cikurutug-cireunghas;cikurutug-cireunghas@mail.com;cikurutug_205;CIKURUTUG
205;cilangkap-lengkong;cilangkap-lengkong@mail.com;cilangkap_206;CILANGKAP
206;cileungsing-cikakak;cileungsing-cikakak@mail.com;cileungsing_207;CILEUNGSING
207;cimahi-cicantayan;cimahi-cicantayan@mail.com;cimahi_208;CIMAHI
208;cimahpar-kalibunder;cimahpar-kalibunder@mail.com;cimahpar_209;CIMAHPAR
209;cimaja-cikakak;cimaja-cikakak@mail.com;cimaja_210;CIMAJA
210;cimanggis-cicantayan;cimanggis-cicantayan@mail.com;cimanggis_211;CIMANGGIS
211;cimanggu-cimanggu;cimanggu-cimanggu@mail.com;cimanggu_212;CIMANGGU
212;cimanggu-palabuhanratu;cimanggu-palabuhanratu@mail.com;cimanggu_213;CIMANGGU
213;cimanggu-cikembar;cimanggu-cikembar@mail.com;cimanggu_214;CIMANGGU
214;cimangkok-sukalarang;cimangkok-sukalarang@mail.com;cimangkok_215;CIMANGKOK
215;cimenteng-curugkembar;cimenteng-curugkembar@mail.com;cimenteng_216;CIMENTENG
216;cimerang-purabaya;cimerang-purabaya@mail.com;cimerang_217;CIMERANG
217;cipamingkis-cidolog;cipamingkis-cidolog@mail.com;cipamingkis_218;CIPAMINGKIS
218;cipanengah-bojonggenteng;cipanengah-bojonggenteng@mail.com;cipanengah_219;CIPANENGAH
219;ciparay-jampangkulon;ciparay-jampangkulon@mail.com;ciparay_220;CIPARAY
220;cipetir-kadudampit;cipetir-kadudampit@mail.com;cipetir_221;CIPETIR
221;cipeundeuy-surade;cipeundeuy-surade@mail.com;cipeundeuy_222;CIPEUNDEUY
222;cipeuteuy-kabandungan;cipeuteuy-kabandungan@mail.com;cipeuteuy_223;CIPEUTEUY
223;cipurut-cireunghas;cipurut-cireunghas@mail.com;cipurut_224;CIPURUT
224;ciracap-ciracap;ciracap-ciracap@mail.com;ciracap_225;CIRACAP
225;cirendang-cikakak;cirendang-cikakak@mail.com;cirendang_226;CIRENDANG
226;cireunghas-cireunghas;cireunghas-cireunghas@mail.com;cireunghas_227;CIREUNGHAS
227;cisaat-cisaat;cisaat-cisaat@mail.com;cisaat_228;CISAAT
228;cisaat-cicurug;cisaat-cicurug@mail.com;cisaat_229;CISAAT
229;cisande-cicantayan;cisande-cicantayan@mail.com;cisande_230;CISANDE
230;cisarua-sukaraja;cisarua-sukaraja@mail.com;cisarua_231;CISARUA
231;cisarua-nagrak;cisarua-nagrak@mail.com;cisarua_232;CISARUA
232;cisitu-nyalindung;cisitu-nyalindung@mail.com;cisitu_233;CISITU
233;cisolok-cisolok;cisolok-cisolok@mail.com;cisolok_234;CISOLOK
234;citamiang-purabaya;citamiang-purabaya@mail.com;citamiang_235;CITAMIANG
235;citamiang-kadudampit;citamiang-kadudampit@mail.com;citamiang_236;CITAMIANG
236;citanglar-surade;citanglar-surade@mail.com;citanglar_237;CITANGLAR
237;citarik-palabuhanratu;citarik-palabuhanratu@mail.com;citarik_238;CITARIK
238;citepus-palabuhanratu;citepus-palabuhanratu@mail.com;citepus_239;CITEPUS
239;ciwalat-pabuaran;ciwalat-pabuaran@mail.com;ciwalat_240;CIWALAT
240;ciwaru-ciemas;ciwaru-ciemas@mail.com;ciwaru_241;CIWARU
241;curugkembar-curugkembar;curugkembar-curugkembar@mail.com;curugkembar_242;CURUGKEMBAR
242;curugluhur-sagaranten;curugluhur-sagaranten@mail.com;curugluhur_243;CURUGLUHUR
243;damarraja-warungkiara;damarraja-warungkiara@mail.com;damarraja_244;DAMARRAJA
244;darmareja-nagrak;darmareja-nagrak@mail.com;darmareja_245;DARMAREJA
245;datarnangka-sagaranten;datarnangka-sagaranten@mail.com;datarnangka_246;DATARNANGKA
246;gandasoli-cikakak;gandasoli-cikakak@mail.com;gandasoli_247;GANDASOLI
247;gedepangrango-kadudampit;gedepangrango-kadudampit@mail.com;gede pangrango_248;GEDE PANGRANGO
248;gegerbitung-gegerbitung;gegerbitung-gegerbitung@mail.com;gegerbitung_249;GEGERBITUNG
249;ginanjar-ciambar;ginanjar-ciambar@mail.com;ginanjar_250;GINANJAR
250;girijaya-warungkiara;girijaya-warungkiara@mail.com;girijaya_251;GIRIJAYA
251;girijaya-nagrak;girijaya-nagrak@mail.com;girijaya_252;GIRIJAYA
252;girijaya-cidahu;girijaya-cidahu@mail.com;girijaya_253;GIRIJAYA
253;girimukti-ciemas;girimukti-ciemas@mail.com;girimukti_254;GIRIMUKTI
254;gunungbentang-sagaranten;gunungbentang-sagaranten@mail.com;gunungbentang_255;GUNUNG BENTANG
255;gunungendut-kalapanunggal;gunungendut-kalapanunggal@mail.com;gunungendut_256;GUNUNG ENDUT
256;gunungguruh-gunungguruh;gunungguruh-gunungguruh@mail.com;gunungguruh_257;GUNUNG GURUH
257;gunungkramat-cisolok;gunungkramat-cisolok@mail.com;gunungkramat_258;GUNUNG KRAMAT
258;gunungmalang-cikidang;gunungmalang-cikidang@mail.com;gunungmalang_259;GUNUNG MALANG
259;gunungsungging-surade;gunungsungging-surade@mail.com;gunungsungging_260;GUNUNG SUNGGING
260;gunungtanjung-cisolok;gunungtanjung-cisolok@mail.com;gunungtanjung_261;GUNUNG TANJUNG
261;gunungbatu-ciracap;gunungbatu-ciracap@mail.com;gunungbatu_262;GUNUNGBATU
262;gunungjaya-cisaat;gunungjaya-cisaat@mail.com;gunungjaya_263;GUNUNGJAYA
263;hegarmanah-sagaranten;hegarmanah-sagaranten@mail.com;hegarmanah_264;HEGARMANAH
264;hegarmanah-warungkiara;hegarmanah-warungkiara@mail.com;hegarmanah_265;HEGARMANAH
265;hegarmanah-cicantayan;hegarmanah-cicantayan@mail.com;hegarmanah_266;HEGARMANAH
266;hegarmulya-cidadap;hegarmulya-cidadap@mail.com;hegarmulya_267;HEGARMULYA
267;jagamukti-surade;jagamukti-surade@mail.com;jagamukti_268;JAGAMUKTI
268;jambenenggang-kebonpedes;jambenenggang-kebonpedes@mail.com;jambenenggang_269;JAMBENENGGANG
269;jampangkulon-jampangkulon;jampangkulon-jampangkulon@mail.com;jampangkulon_270;JAMPANG KULON
270;jampangtengah-jampangtengah;jampangtengah-jampangtengah@mail.com;jampangtengah_271;JAMPANG TENGAH
271;jayabakti-cidahu;jayabakti-cidahu@mail.com;jayabakti_272;JAYABAKTI
272;jayanti-palabuhanratu;jayanti-palabuhanratu@mail.com;jayanti_273;JAYANTI
273;kabandungan-kabandungan;kabandungan-kabandungan@mail.com;kabandungan_274;KABANDUNGAN
274;kadaleman-surade;kadaleman-surade@mail.com;kadaleman_275;KADALEMAN
275;kademangan-surade;kademangan-surade@mail.com;kademangan_276;KADEMANGAN
276;kadudampit-kadudampit;kadudampit-kadudampit@mail.com;kadudampit_277;KADUDAMPIT
277;kadununggal-kalapanunggal;kadununggal-kalapanunggal@mail.com;kadununggal_278;KADUNUNGGAL
278;kalapanunggal-kalapanunggal;kalapanunggal-kalapanunggal@mail.com;kalapanunggal_279;KALAPANUNGGAL
279;kalaparea-nagrak;kalaparea-nagrak@mail.com;kalaparea_280;KALAPAREA
280;kalibunder-kalibunder;kalibunder-kalibunder@mail.com;kalibunder_281;KALIBUNDER
281;karanganyar-jampangkulon;karanganyar-jampangkulon@mail.com;karanganyar_282;KARANGANYAR
282;karangjaya-gegerbitung;karangjaya-gegerbitung@mail.com;karangjaya_283;KARANGJAYA
283;karangmekar-cimanggu;karangmekar-cimanggu@mail.com;karangmekar_284;KARANGMEKAR
284;karangpapak-cisolok;karangpapak-cisolok@mail.com;karangpapak_285;KARANGPAPAK
285;karangtengah-cibadak;karangtengah-cibadak@mail.com;karangtengah_286;KARANGTENGAH
286;karawang-sukabumi;karawang-sukabumi@mail.com;karawang_287;KARAWANG
287;kebonmanggu-gunungguruh;kebonmanggu-gunungguruh@mail.com;kebonmanggu_288;KEBONMANGGU
288;kebonpedes-kebonpedes;kebonpedes-kebonpedes@mail.com;kebonpedes_289;KEBONPEDES
289;kertaangsana-nyalindung;kertaangsana-nyalindung@mail.com;kertaangsana_290;KERTAANGSANA
290;kertajaya-simpenan;kertajaya-simpenan@mail.com;kertajaya_291;KERTAJAYA
291;kertamukti-warungkiara;kertamukti-warungkiara@mail.com;kertamukti_292;KERTAMUKTI
292;kertaraharja-cikembar;kertaraharja-cikembar@mail.com;kertaraharja_293;KERTARAHARJA
293;kompa-parungkuda;kompa-parungkuda@mail.com;kompa_294;KOMPA
294;kutajaya-cicurug;kutajaya-cicurug@mail.com;kutajaya_295;KUTAJAYA
295;kutasirna-cisaat;kutasirna-cisaat@mail.com;kutasirna_296;KUTASIRNA
296;langensari-sukaraja;langensari-sukaraja@mail.com;langensari_297;LANGENSARI
297;langensari-parungkuda;langensari-parungkuda@mail.com;langensari_298;LANGENSARI
298;langkapjaya-lengkong;langkapjaya-lengkong@mail.com;langkapjaya_299;LANGKAPJAYA
299;lebaksari-parakansalak;lebaksari-parakansalak@mail.com;lebaksari_300;LEBAKSARI
300;lembursawah-pabuaran;lembursawah-pabuaran@mail.com;lembursawah_301;LEMBURSAWAH
301;lembursawah-cicantayan;lembursawah-cicantayan@mail.com;lembursawah_302;LEMBURSAWAH
302;lengkong-lengkong;lengkong-lengkong@mail.com;lengkong_303;LENGKONG
303;limbangan-sukaraja;limbangan-sukaraja@mail.com;limbangan_304;LIMBANGAN
304;limusnunggal-bantargadung;limusnunggal-bantargadung@mail.com;limusnunggal_305;LIMUSNUNGGAL
305;loji-simpenan;loji-simpenan@mail.com;loji_306;LOJI
306;makasari-kalapanunggal;makasari-kalapanunggal@mail.com;makasari_307;MAKASARI
307;mandrajaya-ciemas;mandrajaya-ciemas@mail.com;mandrajaya_308;MANDRAJAYA
308;mangkalaya-gunungguruh;mangkalaya-gunungguruh@mail.com;mangkalaya_309;MANGKALAYA
309;mangunjaya-waluran;mangunjaya-waluran@mail.com;mangunjaya_310;MANGUNJAYA
310;mangunjaya-bantargadung;mangunjaya-bantargadung@mail.com;mangunjaya_311;MANGUNJAYA
311;margalaksana-cikakak;margalaksana-cikakak@mail.com;margalaksana_312;MARGALAKSANA
312;margaluyu-sagaranten;margaluyu-sagaranten@mail.com;margaluyu_313;MARGALUYU
313;margaluyu-purabaya;margaluyu-purabaya@mail.com;margaluyu_314;MARGALUYU
314;margaluyu-sukaraja;margaluyu-sukaraja@mail.com;margaluyu_315;MARGALUYU
315;mekarmukti-waluran;mekarmukti-waluran@mail.com;mekarmukti_316;MEKAR MUKTI
316;mekarasih-simpenan;mekarasih-simpenan@mail.com;mekarasih_317;MEKARASIH
317;mekarjaya-ciemas;mekarjaya-ciemas@mail.com;mekarjaya_318;MEKARJAYA
318;mekarjaya-jampangkulon;mekarjaya-jampangkulon@mail.com;mekarjaya_319;MEKARJAYA
319;mekarjaya-cidolog;mekarjaya-cidolog@mail.com;mekarjaya_320;MEKARJAYA
320;mekarjaya-warungkiara;mekarjaya-warungkiara@mail.com;mekarjaya_321;MEKARJAYA
321;mekarjaya-caringin;mekarjaya-caringin@mail.com;mekarjaya_322;MEKARJAYA
322;mekarjaya-kabandungan;mekarjaya-kabandungan@mail.com;mekarjaya_323;MEKARJAYA
323;mekarnangka-cikidang;mekarnangka-cikidang@mail.com;mekarnangka_324;MEKARNANGKA
324;mekarsakti-ciemas;mekarsakti-ciemas@mail.com;mekarsakti_325;MEKARSAKTI
325;mekarsari-ciracap;mekarsari-ciracap@mail.com;mekarsari_326;MEKARSARI
326;mekarsari-sagaranten;mekarsari-sagaranten@mail.com;mekarsari_327;MEKARSARI
327;mekarsari-nyalindung;mekarsari-nyalindung@mail.com;mekarsari_328;MEKARSARI
328;mekarsari-cicurug;mekarsari-cicurug@mail.com;mekarsari_329;MEKARSARI
329;mekartani-cidadap;mekartani-cidadap@mail.com;mekartani_330;MEKARTANI
330;mekartanjung-curugkembar;mekartanjung-curugkembar@mail.com;mekartanjung_331;MEKARTANJUNG
331;mekarwangi-kalibunder;mekarwangi-kalibunder@mail.com;mekarwangi_332;MEKARWANGI
332;muaradua-kadudampit;muaradua-kadudampit@mail.com;muaradua_333;MUARADUA
333;munjul-ciambar;munjul-ciambar@mail.com;munjul_334;MUNJUL
334;nagrak-cisaat;nagrak-cisaat@mail.com;nagrak_335;NAGRAK
335;nagrakselatan-nagrak;nagrakselatan-nagrak@mail.com;nagrakselatan_336;NAGRAK SELATAN
336;nagrakutara-nagrak;nagrakutara-nagrak@mail.com;nagrakutara_337;NAGRAK UTARA
337;nagrakjaya-curugkembar;nagrakjaya-curugkembar@mail.com;nagrakjaya_338;NAGRAKJAYA
338;nagraksari-jampangkulon;nagraksari-jampangkulon@mail.com;nagraksari_339;NAGRAKSARI
339;nangela-tegalbuleud;nangela-tegalbuleud@mail.com;nangela_340;NANGELA
340;nangerang-jampangtengah;nangerang-jampangtengah@mail.com;nangerang_341;NANGERANG
341;nanggerang-cicurug;nanggerang-cicurug@mail.com;nanggerang_342;NANGGERANG
342;nangkakoneng-cikidang;nangkakoneng-cikidang@mail.com;nangkakoneng_343;NANGKAKONENG
343;neglasari-lengkong;neglasari-lengkong@mail.com;neglasari_344;NEGLASARI
344;neglasari-purabaya;neglasari-purabaya@mail.com;neglasari_345;NEGLASARI
345;neglasari-nyalindung;neglasari-nyalindung@mail.com;neglasari_346;NEGLASARI
346;neglasari-cibadak;neglasari-cibadak@mail.com;neglasari_347;NEGLASARI
347;nyalindung-nyalindung;nyalindung-nyalindung@mail.com;nyalindung_348;NYALINDUNG
348;nyangkowek-cicurug;nyangkowek-cicurug@mail.com;nyangkowek_349;NYANGKOWEK
349;pabuaran-pabuaran;pabuaran-pabuaran@mail.com;pabuaran_350;PABUARAN
350;padaasih-cisaat;padaasih-cisaat@mail.com;padaasih_351;PADAASIH
351;padabeunghar-jampangtengah;padabeunghar-jampangtengah@mail.com;padabeunghar_352;PADABEUNGHAR
352;padajaya-jampangkulon;padajaya-jampangkulon@mail.com;padajaya_353;PADAJAYA
353;padasenang-cidadap;padasenang-cidadap@mail.com;padasenang_354;PADASENANG
354;pagelaran-purabaya;pagelaran-purabaya@mail.com;pagelaran_355;PAGELARAN
355;palabuhanratu-palabuhanratu;palabuhanratu-palabuhanratu@mail.com;palabuhanratu_356;PALABUHANRATU
356;palasarigirang-kalapanunggal;palasarigirang-kalapanunggal@mail.com;palasarigirang_357;PALASARI GIRANG
357;palasarihilir-parungkuda;palasarihilir-parungkuda@mail.com;palasarihilir_358;PALASARI HILIR
358;pamuruyan-cibadak;pamuruyan-cibadak@mail.com;pamuruyan_359;PAMURUYAN
359;pangkalan-cikidang;pangkalan-cikidang@mail.com;pangkalan_360;PANGKALAN
360;pangumbahan-ciracap;pangumbahan-ciracap@mail.com;pangumbahan_361;PANGUMBAHAN
361;panumbangan-jampangtengah;panumbangan-jampangtengah@mail.com;panumbangan_362;PANUMBANGAN
362;parakanlima-cikembar;parakanlima-cikembar@mail.com;parakanlima_363;PARAKANLIMA
363;parakansalak-parakansalak;parakansalak-parakansalak@mail.com;parakansalak_364;PARAKANSALAK
364;parungkuda-parungkuda;parungkuda-parungkuda@mail.com;parungkuda_365;PARUNGKUDA
365;parungseah-sukabumi;parungseah-sukabumi@mail.com;parungseah_366;PARUNGSEAH
366;pasanggrahan-sagaranten;pasanggrahan-sagaranten@mail.com;pasanggrahan_367;PASANGGRAHAN
367;pasawahan-cicurug;pasawahan-cicurug@mail.com;pasawahan_368;PASAWAHAN
368;pasirbaru-cisolok;pasirbaru-cisolok@mail.com;pasirbaru_369;PASIRBARU
369;pasirdatarindah-caringin;pasirdatarindah-caringin@mail.com;pasirdatarindah_370;PASIRDATAR INDAH
370;pasirdoton-cidahu;pasirdoton-cidahu@mail.com;pasirdoton_371;PASIRDOTON
371;pasirhalang-sukaraja;pasirhalang-sukaraja@mail.com;pasirhalang_372;PASIRHALANG
372;pasiripis-surade;pasiripis-surade@mail.com;pasiripis_373;PASIRIPIS
373;pasirpanjang-ciracap;pasirpanjang-ciracap@mail.com;pasirpanjang_374;PASIRPANJANG
374;pasirsuren-palabuhanratu;pasirsuren-palabuhanratu@mail.com;pasirsuren_375;PASIRSUREN
375;pawenang-nagrak;pawenang-nagrak@mail.com;pawenang_376;PAWENANG
376;perbawati-sukabumi;perbawati-sukabumi@mail.com;perbawati_377;PERBAWATI
377;pondokkasolandeuh-parungkuda;pondokkasolandeuh-parungkuda@mail.com;pondokkasolandeuh_378;PONDOK KASO LANDEUH
378;pondokkasotengah-cidahu;pondokkasotengah-cidahu@mail.com;pondokkasotengah_379;PONDOK KASO TENGAH
379;pondokkasotonggoh-cidahu;pondokkasotonggoh-cidahu@mail.com;pondokkasotonggoh_380;PONDOK KASO TONGGOH
380;prianganjaya-sukalarang;prianganjaya-sukalarang@mail.com;prianganjaya_381;PRIANGANJAYA
381;pulosari-kalapanunggal;pulosari-kalapanunggal@mail.com;pulosari_382;PULOSARI
382;puncakmanggis-sagaranten;puncakmanggis-sagaranten@mail.com;puncakmanggis_383;PUNCAKMANGGIS
383;purabaya-purabaya;purabaya-purabaya@mail.com;purabaya_384;PURABAYA
384;purwasari-cicurug;purwasari-cicurug@mail.com;purwasari_385;PURWASARI
385;purwasedar-ciracap;purwasedar-ciracap@mail.com;purwasedar_386;PURWASEDAR
386;rambay-tegalbuleud;rambay-tegalbuleud@mail.com;rambay_387;RAMBAY
387;ridogalih-cikakak;ridogalih-cikakak@mail.com;ridogalih_388;RIDOGALIH
388;sagaranten-sagaranten;sagaranten-sagaranten@mail.com;sagaranten_389;SAGARANTEN
389;sampora-cikidang;sampora-cikidang@mail.com;sampora_390;SAMPORA
390;sangrawayang-simpenan;sangrawayang-simpenan@mail.com;sangrawayang_391;SANGRAWAYANG
391;sasagaran-kebonpedes;sasagaran-kebonpedes@mail.com;sasagaran_392;SASAGARAN
392;sekarsari-kalibunder;sekarsari-kalibunder@mail.com;sekarsari_393;SEKARSARI
393;sekarwangi-cibadak;sekarwangi-cibadak@mail.com;sekarwangi_394;SEKARWANGI
394;selaawi-sukaraja;selaawi-sukaraja@mail.com;selaawi_395;SELAAWI
395;selajambe-cisaat;selajambe-cisaat@mail.com;selajambe_396;SELAJAMBE
396;selawangi-sukaraja;selawangi-sukaraja@mail.com;selawangi_397;SELAWANGI
397;semplak-sukalarang;semplak-sukalarang@mail.com;semplak_398;SEMPLAK
398;seuseupan-caringin;seuseupan-caringin@mail.com;seuseupan_399;SEUSEUPAN
399;sidamulya-ciemas;sidamulya-ciemas@mail.com;sidamulya_400;SIDAMULYA
400;sinarbentang-sagaranten;sinarbentang-sagaranten@mail.com;sinarbentang_401;SINAR BENTANG
401;sindangraja-curugkembar;sindangraja-curugkembar@mail.com;sindangraja_402;SINDANGRAJA
402;sindangresmi-jampangtengah;sindangresmi-jampangtengah@mail.com;sindangresmi_403;SINDANGRESMI
403;sirnajaya-warungkiara;sirnajaya-warungkiara@mail.com;sirnajaya_404;SIRNAJAYA
404;sirnamekar-tegalbuleud;sirnamekar-tegalbuleud@mail.com;sirnamekar_405;SIRNAMEKAR
405;sirnarasa-cikakak;sirnarasa-cikakak@mail.com;sirnarasa_406;SIRNARASA
406;sirnaresmi-gunungguruh;sirnaresmi-gunungguruh@mail.com;sirnaresmi_407;SIRNARESMI
407;sirnaresmi-cisolok;sirnaresmi-cisolok@mail.com;sirnaresmi_408;SIRNARESMI
408;sirnasari-surade;sirnasari-surade@mail.com;sirnasari_409;SIRNASARI
409;sirnasari-pabuaran;sirnasari-pabuaran@mail.com;sirnasari_410;SIRNASARI
410;sudajayagirang-sukabumi;sudajayagirang-sukabumi@mail.com;sudajayagirang_411;SUDAJAYA GIRANG
411;sukadamai-cicantayan;sukadamai-cicantayan@mail.com;sukadamai_412;SUKADAMAI
412;sukaharja-warungkiara;sukaharja-warungkiara@mail.com;sukaharja_413;SUKAHARJA
413;sukajadi-cimanggu;sukajadi-cimanggu@mail.com;sukajadi_414;SUKAJADI
414;sukajaya-pabuaran;sukajaya-pabuaran@mail.com;sukajaya_415;SUKAJAYA
415;sukajaya-sukabumi;sukajaya-sukabumi@mail.com;sukajaya_416;SUKAJAYA
416;sukakersa-parakansalak;sukakersa-parakansalak@mail.com;sukakersa_417;SUKAKERSA
417;sukalarang-sukalarang;sukalarang-sukalarang@mail.com;sukalarang_418;SUKALARANG
418;sukaluyu-kalibunder;sukaluyu-kalibunder@mail.com;sukaluyu_419;SUKALUYU
419;sukamaju-cimanggu;sukamaju-cimanggu@mail.com;sukamaju_420;SUKAMAJU
420;sukamaju-cikembar;sukamaju-cikembar@mail.com;sukamaju_421;SUKAMAJU
421;sukamaju-nyalindung;sukamaju-nyalindung@mail.com;sukamaju_422;SUKAMAJU
422;sukamaju-sukalarang;sukamaju-sukalarang@mail.com;sukamaju_423;SUKAMAJU
423;sukamaju-kadudampit;sukamaju-kadudampit@mail.com;sukamaju_424;SUKAMAJU
424;sukamaju-cikakak;sukamaju-cikakak@mail.com;sukamaju_425;SUKAMAJU
425;sukamanah-cimanggu;sukamanah-cimanggu@mail.com;sukamanah_426;SUKAMANAH
426;sukamanah-gegerbitung;sukamanah-gegerbitung@mail.com;sukamanah_427;SUKAMANAH
427;sukamanah-cisaat;sukamanah-cisaat@mail.com;sukamanah_428;SUKAMANAH
428;sukamanis-kadudampit;sukamanis-kadudampit@mail.com;sukamanis_429;SUKAMANIS
429;sukamantri-cisaat;sukamantri-cisaat@mail.com;sukamantri_430;SUKAMANTRI
430;sukamekar-sukaraja;sukamekar-sukaraja@mail.com;sukamekar_431;SUKAMEKAR
431;sukamukti-waluran;sukamukti-waluran@mail.com;sukamukti_432;SUKAMUKTI
432;sukamulya-cikembar;sukamulya-cikembar@mail.com;sukamulya_433;SUKAMULYA
433;sukamulya-caringin;sukamulya-caringin@mail.com;sukamulya_434;SUKAMULYA
434;sukaraja-sukaraja;sukaraja-sukaraja@mail.com;sukaraja_435;SUKARAJA
435;sukarame-cisolok;sukarame-cisolok@mail.com;sukarame_436;SUKARAME
436;sukaresmi-cisaat;sukaresmi-cisaat@mail.com;sukaresmi_437;SUKARESMI
437;sukasari-cisaat;sukasari-cisaat@mail.com;sukasari_438;SUKASARI
438;sukasirna-cibadak;sukasirna-cibadak@mail.com;sukasirna_439;SUKASIRNA
439;sukatani-surade;sukatani-surade@mail.com;sukatani_440;SUKATANI
440;sukatani-parakansalak;sukatani-parakansalak@mail.com;sukatani_441;SUKATANI
441;sumberjaya-tegalbuleud;sumberjaya-tegalbuleud@mail.com;sumberjaya_442;SUMBERJAYA
442;sundawenang-parungkuda;sundawenang-parungkuda@mail.com;sundawenang_443;SUNDAWENANG
443;surade-surade;surade-surade@mail.com;surade_444;SURADE
444;talaga-caringin;talaga-caringin@mail.com;talaga_445;TALAGA
445;talagamurni-cibitung;talagamurni-cibitung@mail.com;talagamurni_446;TALAGAMURNI
446;tamanjaya-ciemas;tamanjaya-ciemas@mail.com;tamanjaya_447;TAMANJAYA
447;tamansari-cikidang;tamansari-cikidang@mail.com;tamansari_448;TAMANSARI
448;tangkil-cidahu;tangkil-cidahu@mail.com;tangkil_449;TANGKIL
449;tanjung-jampangkulon;tanjung-jampangkulon@mail.com;tanjung_450;TANJUNG
450;tanjungsari-curugkembar;tanjungsari-curugkembar@mail.com;tanjungsari_451;TANJUNGSARI
451;tanjungsari-jampangtengah;tanjungsari-jampangtengah@mail.com;tanjungsari_452;TANJUNGSARI
452;tarisi-warungkiara;tarisi-warungkiara@mail.com;tarisi_453;TARISI
453;tegalbuleud-tegalbuleud;tegalbuleud-tegalbuleud@mail.com;tegalbuleud_454;TEGALBULEUD
454;tegallega-cidolog;tegallega-cidolog@mail.com;tegallega_455;TEGALLEGA
455;tegallega-lengkong;tegallega-lengkong@mail.com;tegallega_456;TEGALLEGA
456;tegalpanjang-cireunghas;tegalpanjang-cireunghas@mail.com;tegalpanjang_457;TEGALPANJANG
457;tenjoayu-cicurug;tenjoayu-cicurug@mail.com;tenjoayu_458;TENJOAYU
458;tenjojaya-cibadak;tenjojaya-cibadak@mail.com;tenjojaya_459;TENJOJAYA
459;tenjolaut-cidadap;tenjolaut-cidadap@mail.com;tenjolaut_460;TENJOLAUT
460;tenjolaya-cicurug;tenjolaya-cicurug@mail.com;tenjolaya_461;TENJOLAYA
461;titisan-sukalarang;titisan-sukalarang@mail.com;titisan_462;TITISAN
462;tonjong-palabuhanratu;tonjong-palabuhanratu@mail.com;tonjong_463;TONJONG
463;tugubandung-kabandungan;tugubandung-kabandungan@mail.com;tugubandung_464;TUGUBANDUNG
464;ubrug-warungkiara;ubrug-warungkiara@mail.com;ubrug_465;UBRUG
465;ujunggenteng-ciracap;ujunggenteng-ciracap@mail.com;ujunggenteng_466;UJUNG GENTENG
466;undrusbinangun-kadudampit;undrusbinangun-kadudampit@mail.com;undrusbinangun_467;UNDRUS BINANGUN
467;walangsari-kalapanunggal;walangsari-kalapanunggal@mail.com;walangsari_468;WALANGSARI
468;waluran-waluran;waluran-waluran@mail.com;waluran_469;WALURAN
469;waluranmandiri-waluran;waluranmandiri-waluran@mail.com;waluranmandiri_470;WALURAN MANDIRI
470;wanajaya-cisolok;wanajaya-cisolok@mail.com;wanajaya_471;WANAJAYA
471;wanasari-surade;wanasari-surade@mail.com;wanasari_472;WANASARI
472;wangunjaya-ciambar;wangunjaya-ciambar@mail.com;wangunjaya_473;WANGUNJAYA
473;wangunreja-nyalindung;wangunreja-nyalindung@mail.com;wangunreja_474;WANGUNREJA
474;wangunsari-cisolok;wangunsari-cisolok@mail.com;wangunsari_475;WANGUNSARI
475;warnajati-cibadak;warnajati-cibadak@mail.com;warnajati_476;WARNAJATI
476;warnasari-sukabumi;warnasari-sukabumi@mail.com;warnasari_477;WARNASARI
477;warungkiara-warungkiara;warungkiara-warungkiara@mail.com;warungkiara_478;WARUNGKIARA
480;adedasepzaenalabidin;adedasepzaenalabidin@mail.com;adedasepzaenalabidin_479;ADE DASEP ZAENAL ABIDIN
481;adehendrawan;adehendrawan@mail.com;adehendrawan_480;ADE HENDRAWAN
482;adepiansupriandi;adepiansupriandi@mail.com;adepiansupriandi_481;ADE PIAN SUPRIANDI
483;agusmulyadi;agusmulyadi@mail.com;agusmulyadi_482;H.M. AGUS MULYADI SE. MH
484;anisfuad;anisfuad@mail.com;anisfuad_483;ANIS FUAD S.Hi
485;anjakpriatama;anjakpriatama@mail.com;anjakpriatama_484;ANJAK PRIATAMA S S.Sos M.Si
486;anwarsadad;anwarsadad@mail.com;anwarsadad_485;H. ANWAR SADAD S.Pd.I
487;asepharyanto;asepharyanto@mail.com;asepharyanto_486;ASEP HARYANTO S.Pd. M.Si
488;asepsuherman;asepsuherman@mail.com;asepsuherman_487;H. ASEP SUHERMAN
489;ayiabdullah;ayiabdullah@mail.com;ayiabdullah_488;AYI ABDULLAH S.Ag
490;badrisuhendi;badrisuhendi@mail.com;badrisuhendi_489;BADRI SUHENDI S.Ip. MH
491;budiazharmutawali;budiazharmutawali@mail.com;budiazharmutawali_490;BUDI AZHAR MUTAWALI S.Ip
492;cecep;cecep@mail.com;cecep_491;CECEP
493;dedidamhudi;dedidamhudi@mail.com;dedidamhudi_492;DEDI DAMHUDI
494;denigunawan;denigunawan@mail.com;denigunawan_493;H. DENI GUNAWAN
495;denisasmedi;denisasmedi@mail.com;denisasmedi_494;DENI SASMEDI SE
496;dinisutiasih;dinisutiasih@mail.com;dinisutiasih_495;DINI SUTIASIH
497;dodisuhendar;dodisuhendar@mail.com;dodisuhendar_496;DODY SUHENDAR
498;dodysuhendar;dodysuhendar@mail.com;dodysuhendar_497;DODY SUHENDAR
499;dody_suhendar;dody_suhendar@mail.com;dody_suhendar_498;DODY SUHENDAR
500;edisudrajat;edisudrajat@mail.com;edisudrajat_499;EDI SUDRAJAT SE. MM
501;enceapandi;enceapandi@mail.com;enceapandi_500;H. ENCE APANDI
502;gatotdennyirianto;gatotdennyirianto@mail.com;gatotdennyirianto_501;GATOT DENNY IRIANTO SH
503;hendardarsono;hendardarsono@mail.com;hendardarsono_502;HENDAR DARSONO SH. MH
504;hendisunardi;hendisunardi@mail.com;hendisunardi_503;HENDI SUNARDI SH
505;heriantoni;heriantoni@mail.com;heriantoni_504;Ir. HERI ANTONI
506;heris;heris@mail.com;heris_505;HERIS
507;imaskarlinah;imaskarlinah@mail.com;imaskarlinah_506;Hj. IMAS KARLINAH SH
508;inengsuherti;inengsuherti@mail.com;inengsuherti_507;INENG SUHERTI SE
509;iyanmulyana;iyanmulyana@mail.com;iyanmulyana_508;H. IYAN MULYANA S.Pd.I
510;jaenudin;jaenudin@mail.com;jaenudin_509;M.  JAENUDIN S.Ag. MH
511;leniliawati;leniliawati@mail.com;leniliawati_510;LENI LIAWATI S.Si
512;mansurudin;mansurudin@mail.com;mansurudin_511;MANSURUDIN
513;muhamadyusuf;muhamadyusuf@mail.com;muhamadyusuf_512;MUHAMAD YUSUF S.T
514;papangkurnia;papangkurnia@mail.com;papangkurnia_513;PAPANG KURNIA
515;saepudarajat;saepudarajat@mail.com;saepudarajat_514;SAEPU DARAJAT
516;saepulbayan;saepulbayan@mail.com;saepulbayan_515;SAEPUL BAYAN
517;saepulloh;saepulloh@mail.com;saepulloh_516;SAEPULLOH SE
518;sapamarwah;sapamarwah@mail.com;sapamarwah_517;SAPA MARWAH
519;sesepsahyarudin;sesepsahyarudin@mail.com;sesepsahyarudin_518;SESEP SAHYARUDIN
520;sobandie;sobandie@mail.com;sobandie_519;M.U. SOBANDIE S.Ag. MM
521;sodikin;sodikin@mail.com;sodikin_520;M. SODIKIN S.T
522;sopyan;sopyan@mail.com;sopyan_521;H.A. SOPYAN BHM S.Ip
523;tarmizi;tarmizi@mail.com;tarmizi_522;TARMIZI AL OM HERI H.
524;topiksurahman;topiksurahman@mail.com;topiksurahman_523;TOPIK SURAHMAN
525;ujangabdurrohimrochmi;ujangabdurrohimrochmi@mail.com;ujangabdurrohimrochmi_524;UJANG ABDURROHIM ROCHMI
526;ujangrahmat;ujangrahmat@mail.com;ujangrahmat_525;UJANG RAHMAT S.Pd.I
527;windaambasari;windaambasari@mail.com;windaambasari_526;WINDA AMBASARI
528;yusufmaulana;yusufmaulana@mail.com;yusufmaulana_527;Ir. H. YUSUF MAULANA
529;yusufridwan;yusufridwan@mail.com;yusufridwan_528;Drs. H. YUSUF RIDWAN
530;zaenal;zaenal@mail.com;zaenal_529;H. ZAENAL S.Ip. M.Si
531;zainalmuttaqien;zainalmuttaqien@mail.com;zainalmuttaqien_530;ZAINAL MUTTAQIEN S.Phil. I
